{
    "loss": 0.013196375221014023,
    "accuracy": 0.996370255947113
}
