{
    "loss": 0.03879674896597862,
    "accuracy": 0.9874095916748047
}
